,url,title,similarity
0,https://encrypted-tbn0.gstatic.com/images?q=tbn:ANd9GcRkurzRISg22WzCy_PqHg67VabTB6BWO_-Av77mJLbLWSdSx6HfQMqdbEZKhzTrySZveHOgEuYtLH4&usqp=CAU&ec=48600112,Frankfurt Police Inspector (Monster) - MyAnimeList.net,0.6964688301086426
1,https://encrypted-tbn0.gstatic.com/images?q=tbn:ANd9GcRkurzRISg22WzCy_PqHg67VabTB6BWO_-Av77mJLbLWSdSx6HfQMqdbEZKhzTrySZveHOgEuYtLH4&usqp=CAU&ec=48600112,Helmut Wolf | Naoki Urasawa's Monster Wiki | Fandom,0.5506930351257324
2,https://static.wikia.nocookie.net/obluda/images/a/ad/Heinz.png/revision/latest/scale-to-width-down/300?cb=20130123072936,Other Minor Characters | Naoki Urasawa's Monster Wiki | Fandom,0.48223093152046204
3,"data:image/jpeg;base64,/9j/4AAQSkZJRgABAQAAAQABAAD/2wCEAAoHCBISFRISEhIREhgSEhgYEhISEhERERESGBgZGRgYGBgcIS4lHB4rHxgYJjgmKy8xNTU1GiQ7QDs0Py40NTEBDAwMEA8QGBESGDEdGCExMTE0MTExNDExMTE0MTE0Pz8xNDQxMT80MTQ0NDE0MTE0NDE/MTExMTE0MTExMTExMf/AABEIAMIBBAMBIgACEQEDEQH/xAAbAAABBQEBAAAAAAAAAAAAAAAAAQMEBQYCB//EAEQQAAIBAgIFBwgHCAICAwAAAAECAAMRBCEFEjFBYQYiMlFxgbETUnKRk6HB0iMzNEJic9EUFSRjgpKywlPhQ6IHg/D/xAAYAQEBAQEBAAAAAAAAAAAAAAAAAQIDBP/EAB4RAQEBAQADAQADAAAAAAAAAAABEQISITFBAzJR/9oADAMBAAIRAxEAPwCLQ5KNcF6hHWoeqf8AaTRyWpb2qdz1PmmiMUCWTF1nV5LUfOqH/wCyp80KnJegQbNUXj5Sp800jACVukMRYao2nbwhFO2jsKg1QjVD5zVKp/2kOvgaX3aduHlKo/2kt77rd848mWHOHqgVj4ensKOOypV1hx6Wc6TB0xa4JB6LeUqZ8DzpIrIdmbDrtmsbpggEMrWPDYesQO/3dT81v76vzRP3dT81v76vzR/CvrCx2jryuJI1ZuYqvOj6fmt7Sr805OAp+a3tKvzSwKTkrNZFQDgKfmt7Sr805OBp+a3tKvzSeVnJWMgh/sSdTe0q/NE/Yk6m9pU+aS9WJaXJ/hiL+xU+pvaVfmh+xU+pvaVfmkkiEmQRamjabDLyi8RUqfNKvFaOqJmrO46xUqXHaNaWWJ0jTS4B1jw6I7TKvEaXqHYdXsA+Mx1iai6x85/aVPmiAHz6ntKnzRirpIt0kB/EOa05XFLxHbOVWWJQ9Op7Sp80UD8T+0qfNGlqAzsGZutejlvxVPaVPmnLKfPf2lT5oa05JjVyEzH3qntKnzRTfz39pU+aITOLx7PTok+fU9pU+aJc+fU9pU+aJrRbwehc+fU9pU+aGsfPf2lT5ol5yTGmR3c+e/tKnzQnF4Rp6ev0amsxtsHvMKtc6wRRc7+AjeGsqXOWRYxMIpsXO1zfu3Ts5JF5Dq4EMSxJkydSCtTRovcnLqkxMMqjIR0xtKoLMB90Znj1SikxT3YjZYxgx2v0m7Y1A4dAfgeqdYd73B2jbx4xKb6wv2+6I3NZW7m7IixIKzgrH7QtNqj6k5KSSUiMkqopScFZJKRtkhEWu4UFjsEzuOxzuSLgDqGzv65M05i8/JqdnS7ZSs4G2Y66S0tu/tjT0r7TG3xHVLb9koUUptiWdnqXcJTb/wAdsj65zt1lVnDjrkepStLDSeEWmKdSnU10qLcXyZW3iVxaBwARsMepYojbGoQsqxSoG2TsmRMA664V8g2V+o7jLTE6OdM1544bfVJ4tyokQzkmF5MXSGIDOrQtIC8QmGrOYUt4QtCQetYgcwL5xVe7fH3cKPUBBiACTuF5CetrahO5S5/1nZySVcs5A2IM+LHdO2rqNa56O3t6pHQ+Tp6x2nPiWbYJGUAZHZT51Q+dUO6A9jMVew2WAZhvv91e8yRh6eome05t2yLhcMzMHcWz1rdZ3eqdaWxXk0y2kEngBAqPKaxYjcxEQmcYdbKL78z3yNinNyPR9ZMofwx6XpmOuLgxnCffP8xpIiEP4ZropPVHwI1gl5g7/GSLStubSo0hpPyThCtwVvcHMS4ImT5Rn6UcKfxkvWC5w2kKdTYwB81sjF0jiBSRn37F4sdkxK40feBHHbH6lY1FAFQsAbgE75md0qPWa5LE5k3MgVHuY/XqHokWMYpoDm0luublKZaX+NU4g0nQprLTWm4bmc4Z3Udkqw9tg+E5ap2euBN0q6JTpUlZWK3LEWO3ju7JTkRHfiO4xBUgF51ec3iQOyJp9B4/yiajHnoM/wAS7jMwJYaEoVGqIybFPObdbeJYsaXE4CnU2ix3MMjKbE6MqU8wNcdY2jtE0ggZrx1tjoutNJisFTcElbHrGUZTQVMgXZtnCZvBqiDRGE0P7gp+c/uifuGn5z+6TxprOwmj/cFPzn90I8Ka22OeyNxyHebSI4uxXrZU7gLmLizd7fjQfGJhuc44F2+AmmD2Lqc4DdTXWI62OSiLRwp5gbZfXfi3VGkTXYnc1S5P4U2e+WYkCE2Fzume0g/lLfjN/wChdnrMuccGYKi3sx556lG0d8p8R0jwyHASiFiaoVbbyMpFXM9tQf8AqIlZ9Zz1D4f9x+kgRVZsrAk9plEigmqLcST2kzp88htOQkemzuAF2tn2LLlMEiGk1rsb3JJzyvM61IcppqgDqE71Z2RACalVxqzH8pF+mHGn8ZtdWY7lOPpl/L+MnV9EjKvSjZpkS1NDhOHw85a3eVWzMduciNiSLgAbdp2y5fDyTojkw+LFRkIUoRa4NmubHPhLrF5Z9AxzYnsvGsRUByG73zZYnkXUUc6rSUcSVHrMaociHZyj1FA1AysLsG6wI2M+NYuKmtuvPQU5CIGW9QlLc/Kzd0tcDoDR4IVESow3M5c+q8ecXxrzOjRqNmFJA2mxsL8Y8aDghSpuTlxnquP0PT8lURFFPWAbmiwuuYy7phVbO5A5pBHaDM+Z4DA8n3NjUOqPNXMnv3TQYfDrTAVQABuEkItwOIi+TnfiSzTDcQxwpOSJ0im2j9PYOyNkZR5BkJAohCLAW0WEJNFhiT9IPzF/xMXAjOoepPEkzqrTLVOxlbusRJdCgFvxmWC4NLIo32z785IiARZA1XewNhc7pVYjDlEd2zNshxMujKjSde51RsG3thFLSw9r620xnHvrFaY3nOT2NheRKdAlgdrObKN4JhVnoqhfyj7lXVXiQM4aaxzUaNGoqhjrWN+orLjDUFpoE3AWJ6ydsDQUtTQgMAGNiLjZact2unyMlT5WD79Mj0TeXejNK069/Jk3G0EWMc0toXDslRvJICqEgqNXMCZ3kevPf0R4zdtiTrWyUTF8ph9Ov5c2g2TG8o/tC/l/GL8VttH8m6FahScizNTUkjslRpzkqlJQwNwTbZY3m30ClsPQ/LXwkLlaPol9OTInldeN1RYsOombjkrhlptRUbauDLsb7Trqbe+YrFdN/SPjNRyd0sjJSc318J9HUAFy1ByFDDrsbHunKujQ6S0FTr5vrsQdYc6wuNg4CTaVBQdTVHNQXOW07vdJcbobah66lh2KoHxMxtXC+RXzR6pBqaHoM7VDT57BQxucwvRFt1uE7xNfUa4csSyg08iFBNsgNhk4Q1kQtJ0/o2C7dUhe8WExODokUzhyiEWIqGwJdyQCVO7VuJtMZUJfVtzVUZ9bHq7pV4GmGsKa3YuyrlmTt9VpYzWTos6ZLUD2yKscwRlJC463TUrx2iajSfI1QjVA5uASwI37TYyhp6DxLIKlMF0OzY2zhPRLY5kSqrbGB74jiV1fDsrar02Rr7svdOqLurhCxIIJm52mJZj6bIwZIQZTYUQigRbSaFhC0JBotQXJ3kW7p1OXcAE3GQlYNMDU1rZ+6RhaFwNpAjL41Bvv2Snq4hnNyY1eRFjX0luUd8r2N85wHF7Q1xe2+0BTJGAwpP0x2KeYPw7zItQ5G205DtM0eEo6iInUoHfvmOr6b5ns1VfXKKMwx1j2CCu5LupFhzQCLggbffGaytTcaqizqbZ9Hrykmk4CBerxmeJ+n8nXrBjXvRqE76beEyXI8c6ofwianHfZ6h/lN4TM8jh9YeCzfX1n+NqwZj+UP2kD+WPjNeJkNO/aT+WJL8dHrOhh9BR/LXwlfytH0S/mCWei/qaX5aeEreVv1SfmDwiMfrxzFdN/SPjF0PUdHZ0OYuLbmB3RMT0n9I+Mc0ILs3pTlXaPWcNV8oiONjID32zjVehUvrI9lPSQja3WG3Su5JYrXosm+lUZe484eMn41AoLar1LnoioQB79kw1HGHwoVi1gCcycszJqODexBttsQbSrwyKxs1DVG462uO+WNOmiCyqFHAWgVunawpqCSQGKqSNtic5bcncDq61QoVFtWmGBB1drNY9eUzmn6wqNTUHo1Uv/AHgCehIMh2TpzHPqoOlV+iqegfCQ+TSAYal6J8TJ2l/qqnonwkbk4P4aj6PxM6sMpyrpBq9MbLiZWtTIrgdSmbDlMP4mn2frM1pEfxCflzO+258IZIQbIw0fTYJ2Zd2nQERY4BFoS0J3aEioi1SwBucx1yMBzXXqJ/WdU3UAAG9uoExUYXJ52e3mt+kmuZ5DkOwRlapC3Od2IHZeOaw4+oxpmTIXtY3zuI1CI9tdz51h3ZTulmzN1WAnDhSAoYWvHqSE2RBcn/8AXMWriVgKOu43hOce3dNCsi4DCCmttpObHrMlCcOutrtzzkM4lAzqN4S/rM5OG5pz4wYnyrcEUfGPOvNPZN8/HDv6i6VW2GqflHwmb5HrlU/p8JqdOLbDVT/KPhM1yOHNqHio90tXhpCZkNN54k/lia8zH6X+0n0Fi/HR6/o5bU6Y6qa+AlXyt+qX0/hLbAdCn6C+EqeVv1a+n8DL+MvG8R0m9I+Mf0EOc3pSLiHAZrkdI+MtNB6NxFmfyZVbk69QimgHXnn7pysdJV5yNr6uIrJfKoMhu11N/C828wujdGtTSpiwddwC1DVuBYbWA33z7pffvioqqzUw2sBZqbqUueu+YmbF8l21hKjFYwsxSnYne33U/U8I1Ur1amTWprvVTrOe/YJwz06QsSq8N57tpMzhqHj1FNadrEmuhJY21yDfM9eU9A0bjkrItRN+RU5MjDaCJgmQ1WVqi2VG1qaGxJbczdXARw6RqYV1qU2QCo6pUSpfVa99VhbYROnNc+m100foqnonwjXJ4fw1H0PiZQ6Q5TKaTishpkiwcHXpnvGY7xLHkxpXD1KNOnTrU3ZU5yK66w7ts6aik5R/aU9GZvHn+IX8uaLlEf4leC/rM7jhfED8v4zN/s3PhWEfQZRlxH0ndl2ojizhZ2slV3aE6hIEXQGI/wCVRwF/0jw0DV31vGaSAEzjnrMtoLEDo1geBuI0+isWM+Y/qPiJrIWjF1i3w9ZL69BWvt5n6R7A6Qppkafk+sjP/ua4iRsRgKdQWdAeIyI75MWdIdOsjLrKQRa+U7Q3AI3yFiNBul2oVCMui2+GGxTIoSopV15uqdjHdqnfMXhudJuHoFnqEbmA9QkqrhW1TYSTgKXk1AJuxzf0jJjMJvmenPr6z3KNbYarwpzM8jl5lQ/jHuWanlYw/Zq/5fiRMboDHU6FCo9Q2+ksBvY6oyEVefTUsZjNN1VXEsSQLIu2NY7lLXqXCWpKdgXnOe/9BI+F0Diq51hTfnbXqErf15xV1vMR/wDIeHpoqUadSswUC5tTp3A3k5nuEy+keWWKxTBWpqVvlSp6ykk7LttMmYHkUMjXqE/gp80d7HOaXA6No0BanTVeNrse0nMyXpMZLQHJR2cV66LTW+sKQuSTuvwmn0kpqMKQ2W1qnEbFXsJlneNpSALNvY3J7Jm1Yj6MH0NMHcgBG64ymY05iqNGoKWv5Nn5zMrFUUbiwsQTwl5UxwooybXFRlRe1rqT+HPbPO+UVBtcO5JNRNe53sDqtbhcRC1oW5Rqy2NRFCmzsjLrP+JL7B75c4MU2AqIQ+sLhydYkds8nItNryU8pRQeU6DgNY7aesbKewy4krWyHiEFRwhzWmhLek2S99rmSa1QIpY7vedwE4w1Iqt26TG7dp3d0iqfSmjHxFM0jUKtTa6k9GoLc3W7veJllwuIwb3amPzMyvaHGYno9o7RwwbaARvvmDLKmPOqWmMQGDmoaltgqHWy6r7ZJGmw9QVKiavM1Tq87Prm0xvJnC1bk09Rj96mdQ+rZ7pn8XyIcZ0qwb8NRbH1iTT3HCY+m/RdTwOR9Rk9NgmYxnJ/FU7l6LMB95OePdnIlHFVKZsrup8038DOnka26xxVmZwfKAggVVBHnJke8TTYaqrqGQhgRkRL5LDloRy0I1pcfvKn1t/Y/wCkBpGmd7d6N+kRcZ106g/oinHpvWoO1GhxdrjaZ+8e9WE6/a6fnD1GNLj6Z2Bz/QxkilUDbA3epHjAbOkKQ21FHblHUxVM7HU94nTU16h6hG3wtM7UU/0iA8GBjVeirizDsO8HrBjBwFPcCvosRA4Vx0ajdjgNAzGmauMoPYVKrq3QYH3GwlZ+2Y4/fr/3N+k2mISoRZkV+KGzA9djIlGr91gVYbmBF+yTxblZSomMqAq5qFT0tZmtbjLBOTKvRo09bVZ3Ls9tbK2wA7MrS+xS3XVG1yFHef0vJjLZ6YHU3uAmb6VB0ZoDD4exWmGffUfnP3dXdLS0WEzaEhFhIpIRYQIWPwS1FY6o1rZEZEkZjPtEy3LmnTFKhzbOXYi25SAX99ptpgeX1a9amnmU797n9BLEqg0Fo5K1dFqZqAW1fOtuM32Hw4GvrAc87N2oBYL2WmP5JLfFUx1q1/VPSjhl6pdSKNcKQRdtZU+rUjonid9t0k2k18J1H1xylhgMznMqj0cOTmchJyIALCFp1CktEimJAAJEx2jaNYWqU0fiRzh2NtEmCM4x7KQNrnVXtbK/jBjL4Pklh2dqhLmmG5lMnpW23baRLTG4JKWq9NVRbhXVRZQDkrW4HLvlulMKAo2KAB2CRNMfUVfQv6iDLKRD1YRITeqtBgmPSqOeyyztcCm/WbtYmXtfR+9cuEgPTK5EWmnEzTpquwARyFoWgESdRIHMIsLQEnFWirizAGOAR1MO7bAYVS1dHuGRkbWCNrajbza2R74jYkGpSDAoefcN6I3zRJo5jtNp3U0RTcWbOZsWVVCIZKr6GdBek5a33Khv6jIBqEHVdSjdTb+w75m81qU5CLC0yotCLAiAk8v5WVtfFVT5pVf7R/3PTzPIdIVNepUbznc/+xlidLLkb9rp+g/gJ6fPMORx/i6fov4T04GKclnJixDI0IRIsBIQhIFkc8+pbdTF/wCttnqHjHmcAEnYBc9gjOCUhNZulUJdu/ojuFhKiRI2kk1qVQddNvCSo3XW6sOtSPdAp6a3VT+EeESdYQcxPQHhEmtHoc4qUwwsQDHIk25K+rgPN9UiNRZdoMvLQK3gUFouoTsBl75FfNEVUA2ASimp4RzuklNG+cfVLG0LSBhMKi7AO/OOhJ1aEo5IhOjEtIEjGJwyVBquoYcd3YY/AwqgxGinp50yXHmMed3HfIa1BfVN1berZGaq0j4rCU6gs6g9R+8OwyXlrVDCO4nR1SncpeonV99f1kdKgbYe0bCDxExZiym8Y+qlRvNRj6gZ46TfPrnq3KKpq4bEH+WR68vjPKTESrrkf9rp+i/hPTxPLeSZ/iqPa3+JnqQinInJnVpyZGxCEIBCIZGFU+VKXyFMG3EtIhcdmoT/AJHC921vcDJVpEHPqgbqdO59JzbwX3yXaUKJyRFEDCqXDOAoHVceokfCErKmmRRepSK9Go2/rN/jCUerQhCdHEoixBCAsIQgEIQgEIQgJCEIHJhFMQwohCEISQMdo1KnOXmONjDfwI3ywhCx5zy3ZqeGqI4szMg4EawOXqnmrT33T2iKeMpNTqDijb1YbDPDNJYJ6FR6VQWZGsePUZMW+03kp9qo9rf4mepLPLeSn2qj2t/iZ6jnY222y7d0xV5Mtj6IyNRBnbpDbFGIpnY6HsYSNgHQKlNwFdVsyuACx3kdYkl8LTbbTQ/0iRo4CD1RSJFbR9I/+MDsuPAzn93oOi1Reyo3xgSzKmnU/ianCmg95kvCVDd0LM3k3ABaxbYDmRKau5FWsRtZUVe1iwEJV1o/MPU/5HLf0jmr7hJhjVJAqqo+6oHqjphSRtKobWA2qbEbwZ3IbnUqKdgqDVP5i5r6xcQrA8pKmriawsM2B9aiEXlEA2JrnqYD1KIQPc4QhOriUQhCFLCEIQQhCAQhCAkIQgJEMIQohCEAjOI+56YhCA6Z5J/8mKP2tchnSF8tucIRRRclPtVHtb/Ez1JYQnOtRG0qgNNiQDY5EgG3ZGdGuSikkniTeEJGk2RtIMQpsSMtxtCECHoAkrUJN/pDmczulfW+0L+ZT/3hCVGlWdGEJFcyJpT6v+tf8hCEK8+0p9fX/NPwhCED/9k=",Watch Monster | Netflix,0.3148288130760193
4,https://static.wikia.nocookie.net/obluda/images/0/09/Mansion_of_Tragedy.png/revision/latest?cb=20191030054739,Mansion of Tragedy | Naoki Urasawa's Monster Wiki | Fandom,0.464042067527771
5,"data:image/jpeg;base64,/9j/4AAQSkZJRgABAQAAAQABAAD/2wCEAAoHCBYVFRgWFRUYGBgZGBwZGBoYGhgYHBwdGBkaHBocHBgcIS4lHB4rIRwaJjgmKy8xNTU1GiQ7QDszPy40NTEBDAwMEA8QGBERGDEhGB0xMTE0NDQ0NDQxMTExMTQ0MTE0MTQ0ND80NDQ0MTQxNDE0MTQ0NDE0NDExNDExMTE0Mf/AABEIAMMBAwMBIgACEQEDEQH/xAAbAAABBQEBAAAAAAAAAAAAAAAAAgMEBQYBB//EADwQAAEDAQUECAUDBAEFAQAAAAEAAhEDBBIhMVEFQWGRBhMiMnGBobEUUsHR8EJi4SNygpIVU6KywvEW/8QAFwEBAQEBAAAAAAAAAAAAAAAAAAECA//EABsRAQEBAAMBAQAAAAAAAAAAAAABEQIhMRJB/9oADAMBAAIRAxEAPwDy5CEIBC4uoBCESgELhIXL41QKQkdYNUdYNUC0JHWjVHWjVAtCb60I64IHE9ZO95fUKL1wUiw1AXeR+iBDsz4lcSatQBxHEpHXhA6hNdeF3rggcQm+uGq71o1QLQkdYNV2+NQgUhcvBdQCEIQCEIQCEIQCEIQCbfU0xXHOvYDLeUpjAEDd92itdh7ErWlxum4xvfechwGpVp0Y2EK0vqAlgN1rRgXu34/KN63dBjGMuMaGMGZEBo1xOZWOXLOouM+zoJQLcalQn5paPSFSbR6CVWY0nioND2XeuBW5G0GF13tEfO0G5/sFJc9rYxMHzCx9clx4/adlPp99j2eIIHPJR+qC9btLgQReD2724H0yK8+6RbObSeCybjxIGh3iV048tRS9UNF3qxolLq0hFwaJTKQJgAShPWUdvwHug6LFqR5BKFhbqpcIQRRYmrgpXHTMCM1LQghNs94mMtTvKWbCFKQghGwDX0SX2IjcCp6EFSWDRc6oaKRaR2imkCOqGiQ9gyGJTj3QJVl0c2E+0EvMhgOJGbtQNPFNFGWmY0+iAVr9rdDXtl9DtA4lhOPkd/gqB2x7QCP6Dwcu6pq4rw86lPMvHEFaHZ3RJ72k1DcMdkCCZ3F3DgqOpQdTeWOwcCQRxBw5jHzSVCLztF1lQHglpD6cqhxcTbHbiuvfGWJQOITV12qEHGdnPJOjguvZqpuzbKL7N8vb/wCQhKPSNmUGUabKYxIaAd0b3nmfZP06Ta7sR/TYctzncRoMFXWdjg0l2Lju9grmzU3tpMuXbxhzr0xLsScFyxpNLBEQI03KntOznsJNJ0tObDl5Spb7Q9veuHwLgeUFOU3vLL15mcjOLuk5z5Kqqn2d8S5hHEZjliqbbDA+hUacS1pc0xvbj5HMLWMrVHZMpx/e7Ef6rJbbq3OtvC6XXm3ZBxfdEYboBKRGCl3BHa4KwdQbGigOeAYJXTWXO1wSmOcMfZJ60ao60aoJItTl34s6BRetGqOtGqCV8YdAj4zgOai9aNUdaNUEsW3h6rvxg09VD6xuqOtGqCb8YNClstTTvhV99uqL41CBdZxLiRlxSO1wSmuBwCfdZ3cCgh1SYxG9em9ErOadmaxwhwJJ8XGY8lgKWznPovqhzWhmQMy4tEuA8BivS7JL2NcXuALRF0CcR4ErNaiehVT7I9x7FR5g5OLmjAicQBjwUx7XXI7V7AYHtc1nFSAF5z06pBlpa75mNJ8i4LZWWk8Yda8fteA7fucRJ5qh6X7NfUqMLYc5lNznHBvZBECN5zVnVSseHTkul0Juo0tOAIKG097sVtlwgu4BLYwBLawnIJwMAz/jmgaQnPiWjeOSEEahaT3TvwVuxxaQRmCCPEZKksTZe3xnkFckqVY3r3ksvNEziDjk26cOJvEeS0NlPYZ/a32CyPQ23ipZnMdi9jo/xd3T9PJamwVC5naEEQPIgEehjyWVjooBrm3WCBMnfjGJOZOafkCBGcpq01S0CASSRkJwkSeSZfat8OESIEHzS3VOMoC/euxBOO90/QZRxXnnTV7mvaY/W/GcwA3McMV6Kyv2A44YY8Dv9V5p0utTXvaA4CGl3+5w9AD5pO0qvBUC0YOOCnNyHgo1pLQ7tGJC1EqLe/b7Lk/tTnWM+b0XOtZ8x5KoTe/b7In9vsldaz5jyXesZ83ogRP7fZE/t9kvrGfN6JivU3NOCBRqDT2Q14O5RyIwKXQpl5hucTyQP4fKuYfL6JxjYwebpzCXDfnCAsjAXZZYqY990EpqzNGMEHLJKtPcPJStRpNi2XrLJMiHB4Pi5xH0atVYmwwDTBYzonaCL9Fxwd2mY/qA7Q8xj/itdsqpLCDm1xafLCVmkSHMAN4mAN2AEnfxK7VeRBGOPvP8Ju0nHtNlsY+ZG7yS3VmNbM4bgMSdAFFKYyCTMzzgZA6quttmvVw4Z3AP8bzr3oQp1mcSMRBBOHCZHpCqdtW0Ma947xHVs4k5kcACfRBhbQyQIzTAYBmfzxUi0uhhI3Y8lTPqF2ZW4zUyrawMG/woVSsXZlJhCqOIXUIJezW9vyP0VlXMNPgVX7M758PqFqdg7NFV9547DDzOYH1UqwdF7FUpObVJADhdLD+prtdMYK9Hs7uw0/tB9Flqj5J0ifAbueavtlVIY1hzDRd4iPcLNWOPtDnRAIEAnAnMSOGAKZtJfHZa7xgTnIyVqRhhhom6LHgm8+8PACFMVCNsvMuuaQSHB2EZDPwXju1qVRtR3WghzjPAjdHCIC9a2rah3d7uyOAjH2KqNqbMFoowQL7Qbjo3/YrUSsVZDLG+CibVb3fP6KVZgQC04EEgjRLfE9qMt/kqKJcV9LP2+iS+ztdm0JqYo0Jddl1xGiSqjiUxswN5Mc1xbzoJs6m4Ne5jXFzHCSAYIfG/fHpClG2p2dhaOyw4DcDksV0/phjWXABDr2ESBdI+q1dh2cym8w0AuvDIRdJkemHFRqnR6zy5zqbSLuUDE4yeG7ks/rTyOtULjJKQtDb9lNY4G6AC6ofEB/Zw4BM/DM+UclrUwzs1vY8SfsjaJ7HmpFJoAgCBJTdqaDdDsicUVVUqzmODmuIIMgg5EL07ofbHVaF9xl95wdGH6ju8IXm1tohjsMiJWt6CPexj3Y3b4w8sSOXol8SettVLtQB4En+FApvbewvA69X9VZMeHAEZFKWGiWTvjyXnnSS0l1seyeywAAbgSxpP05Lf2u0BjC4iYBIGsCYXk1Ku6pWc92biXHz/ACFYlS6wlrhwPsqNXzhgVQwtRKEQhTbJR/UR4LTKN1DtEKzgoVwSNi7Fc8NqXw1pwEYk4xEbsVvLLYwymGN0xOpOZWW6D1wS+k7NpvtnPHAgeGfmtoudaV3UXpn9b48Gtw+itrh6vDB7MTGeGRHiPsob8HsH7v8A1KsMjIzH5B4JJsNKp7RwBIzAM7jxGngivtAXTGm7FQnbXszeyXCccA5pjhnkpBrBzbwEMOWIJd4kYRwScV1UVyXAFwxvB3MiOQT1meQ67uIkeOMj0PNJtj5cOLv/ABE/QKSxnZA8/WUvSMzt/YbnVC+kQC4SWnIkYHHXJZO32Wo0jrGlukjDyO9eoWumHNx3Gfv6Smn0TF1zWvboQJ+xSUeWmyPiRir3o7YetAvEta0kOO/PujitDadi0Xd29TOhEt/jmubOsr6Bh7QRMsIyJOvJLVi4s+zaLGwKTBOoDnHiSQq63bAs1SWuphhH6mdk4xGAwPmrizVM8cYl504BQLRWdevlj4BAAg46Hw3rE1XnO29lOs9QsdiM2u+Zv31Vv0I2yaVUU3CWPdn8pIgnwOE+Cu+lVnbVZTe6YBwjA4jEef0VZsazND2ANADjHlB+y6S7Gb1XoVqqhpHaaDBzBOmiTaKoFIkEERgRv8FFbaG3Q18yMiN8bp1TFsc58NALWCCBvgbz9FnF15t0gr1HVXFwLQCWtG7skyfMknzVYC7j6rU7ajrHtIBAI5hoUFuX29gFpEexPFzE80m0VA8gNx8FIdYnvcLwujjnyU+lZ2sHZGJ3nMphqus2zS49vIbt/gt/sXZxNmaWNAi8LowkX3ZcVlw2Fv8Aoy4CzM8/VxS+IqrNUe0SBwc3iMDE+ykO2hAktPIq5tlla4F2DTGJORA1+6zzLVTJwBIBzxjDylZxrUmpSc/CMXdlo0G8lZTpBscMrVHMaBLySB+7tfVeiWBjboeCHFwzGmgWf6SsHXTqwT4gke0JxS1g3tIGIjfiqArb1KYBLHCWOyGh4Kr2hYmsMYGcpAmFuFUlms97E5Kwa2ENCTVvQbua2yaqWloJQq9Cmi7sVS5VZUH6TjxacCOS9CbVyjtgwRGcHf4cV5q1+C2XRi3hzAw95ro8iCQfSFjlFizrzfYTqcB/ad6VtSo99NzKR7ZZJ1jeBxK5bwYBGYcPXD6qVZWC40jPOeO+VePgwVBoEucMt2rtwPAb/wCVotkPe1gDzg5xc0bxOMeeJhZq0v8A6xq4RfvRui9PstvWsrQ2XHdgeJyjwSLyNNYXPwxDRj5nXy9U9UtcYAEu0OEeK7Ymm7Jzdjphu9ITtSkHY7xkfzcs8r2GGU3OMvPGMhyUpJa45HNKWVcdG9R6dNrgcMCTA0jCQN2IlOjteAy4nXwS2NgAaBUQ7K8B7aRnvS4jEkDH1w5laW0OY1hJwwka5Ku2VTb1jiRjdkeRx9wpG1XMex8gdn1ABw9Sislth4NIA4Q4fnqqrZr/AOq0jdJHKApm1ni60TxPgAPqo+w464aQVZ4zWistquEl/avd2cgYjy38gki1OZJqGb+IAGMjdGcJO1HhkNZ3nSR+0byq95dM9475OPNJBBdYC97nvPeMwM/MqVSs7Gd1oHvzTrXSulaxFdSp33lxyyTjaYJLz3Rg0cBvUhtO62BnHqmqtQXIHhG8KhyuwFs6YhaDoxag+jd+W83kTCz1B8tAzOUJfRa0kPewYHFzZyJBhw9j5LNGm2g91RjqTXRhnqc7s6a+IWfs2AIOBBIIK0gs5a0ZlpzO8H5hx4LObVYH1HHAw5rJAidx9SVIlXXR6q5khx7D3EtGm694H7KN0iqg1Gjg73b/ABzU+wtvsBzJEO8sCOAGKzG17SPiWNvTdaQTqXCfYNCfqottcAHE4XYM/n5gqS0Vy9147/QaKRti1333GnBuLiN53BQ10gAFbWbZgLJJIcVDsVOTPL6rQsbAASjO1ejziSQ5vr9lxaRCgxrmFs6gwfIwVL2bajTeH7h7J/bdC48O/TUEH+9uB54KC1qvsHo9Uh7CRjhI8sQubQq3KD3jezD+52AI5ql6OW+8y4cS3Dxbu+ye6Q2j+gxg3uIPgzD6tWJ1q+1nX1mvBDxu7wwcPEZOC11mqh9OmBiXMbeJzgATGn8rGPGC1/R6kWUWF+Bu4cG7lN6XlFmcEVHhok5KOKwJvHLJg11KYc++ZPdGI4xvUElj8CSMcPKch+apx3aMbh3vsojakCTmSXnyGA5wn6brrBqfdQdtFWMAnTl5KLRZedeOQPM/wpZVDbbU1jmucSAQ4EidJ3cWhQdo7Sc9pDWmMhv83FJtVMuaAM74jzMFR6f6pwx/9kIp7WSGNJOLrsToAcebk5sU/wBT/E+4TW0jJGOJaCfP+IT2wzL/APA+4VniX1LdUvVHuJy7Pk3D6FFB96TxwUKrUgPAzc4j1KmWYdkLSFPwMj/L7pyVEtLnMcHDFpwIQ2uBl3SMOB0QcZaYc+cQMQm7YySDlOmfNMOdB8vr/KW58xwEckEiwuiR5qHYKpZUDxm10+IkyOUp2m+D5FRKToeRxPvKD02wWgRdcZBEtO5wj3hZSk+9ed8zy7mZUrZ9rmzPH6qYIHn3T6x5KJZWw1TjE5LnZ1U3CwDAOM7sDBgnSZWC2rbu26pOJcbvIgekLU1LX1bKhnFzIb4zd/8Ab0WDe6+/9rUzsjtmYQJOZxKfa2SGjM+g3lNVaob9lY7JpG455zcIbwBwH3WxLoU4cyMpj2VqozqcXODvcJy0vutJ5LKkGqPQeyFCqYn05YfRCCdtux9ZTc0d4G83xifWCPNZKz1pEHNb57cfEercR9ViekVg6upeaIY/tDgf1DmpxpT9htJpvDxuzGoOYV9tKzmpdcxwILZaDvmJg6kRyWKp2ojPELR7IrurU3UrrpAvMMGJG6d38lWrC7BYi+pdcIDcXTpuHmtLaa36RlwTOzbJUDBfHbOZJHkMNE//AMe75gJOOBOGmYhZq26aHa8MuEDcOHuluE4bt/gFIFk/cfKB6QpVk2aHtkvN4GCABAKiKqo7/wAT6lqec69huGf8cV3adkLHNEg3wWgjCN+I8AU5ZqOv/wB4oHaLPLQaJ1Ie8Dx0GaUCYUVBYJfGhJ5D7kKA8EzHzOPqQBzPopN4l7g3Nx5CBKVXpNYGMGZdz/CjUnTO7UEVHAZNhv8Aq0Bd6N993AOH/cE1bp6x8533e5UzYDIvu3mPTP6Lc8Yvpiq3tuGjne5hWGAAB8FBL5eXHeZT9mN5xJ3Ko7UcW4OF5h37wo1WlHFpyP5vVmQo7qETHdObfqEFadPL1CsbHsqpUBewC7liYkjRc2Vs7raj2kkNaAZ3mcvzgtbRswY1rWEgNwjXWeKzeWLIzL9iVQ29AMfpBk/ZUNYQ864H6fRejCp27p0kfX6LL9J9lQ7rWb++3Tj4JOWrYrrNaiAQD3oDvJwIPMepV3TbAHgsnfjfHhipbtsP19vstyMWa50rtkXWDOJPn+eqztOtdGGfsrK0lj3Fz8XHM3kwbIw5Xh5g/RXCRFs1IveAfF3gM1r7LTgMH+XIQPdUlgptZOMzvOGGiuLLaAXeQA8vwqKlWh0Xf7h9VEt9SZA8B4lWbLEahaCSG3s4md0D77lZV9h0yy60Q7c4kkzxWbZFxlL44oVz/wDmn/O3/uQmmJdlpF4x7IBwOfL2lFu2O2s2489mZwEGRoZwTwtMAQJc7BjRpqdApNNhGJMnf9hoFnRXWXo9ZmZUwTq7tH1VmxgAgAAaBJdVATJtJ0TRKQowtPBdNp4KCRK5TqljxBi8CPNuI9Lyr2OluIBORJxMjA4pvrDDTJkOAnjN0+6qrK2kOcLx7pvHkQB78lH64v7mDd7vsododBl0uBOMnI5DPcpLLVuEDhEHkUNSKNOMffM8T9k8mqFSc81yvVjAKCFZK7QXuIzOB4DD3BUe/NUOdnExpjgPdIs7+yDO4bsB9k1a6l0tcImDPh+SmXWpelTtA/1H/wB591CsFtrMeCD2C4TIBgE48VOtlAul04nE/wAKGzDBbjnVg6LxDSCJwI4p2zVLpxyKgWU5/m8p1wk/mH8qizbaQ4wzHU7h912+bwaHAuOAEbyq6+4C63DU7gPFIstdt8BriSMZxGOoQbShcpAgDHC8dTlySHV3A3tMxqFkam0DiMfNxXP+Rdx/2cs/LWtlaKgcA5veGI/+pmvXvU3C7Icx0k8QfVZMbRdEYx/c5H/Iu/d/s7fmmGqN1CsWhxa4NORIgHCfNQ6hIMTK0ta13xDgSBlLnKIaFL/pjmVvayoryfstB75u7uMK2+Hpf9Mf7FOUixndZHg4p9CreyozvAxzCVRtuuHgrY1gf0nmo76FMmSw+TiPZXRrOiz3vZee4XRgz6nw3c1ah954BiGyRG/cPryWPo7Tcxoa2QGiAMMBySxth4xk4+H2XO8WtbCpaWgntIWN/wCUd+XfsuKfNNaCzEMxkFxzP5uTrq071jRWdqu9c7VXEa68NUXgsj1ztfZHXO19AmDXyiVkOvdr6BHXu19AmDWUz3h+4+oB+qbce8P3t9S0+5WY+Idr6BHXu4cgmDWVGXgRr+BMsIuiR2Tr+k7/ACnksz8Q7X0CPiHcOQTBsGOjJN1nSI3nD7+iynxDuHII+Idw5BMGwbYHFgeIOGWIPgs+94cSdxy8FBFrfr6JHXHRvILW1MTK1UAcSoDzAJ0Suu4N5BBq/tb/AKhBFsFol8HIg+8/dWFWo1glxgabz4fdQaj37ms8Q0AhQajnTL5J4oJFptjn4ZN3AfXVd2a+7UadZHooidszoe0/uCCxqmXHxKSUqr3j4pKDkLqEIBBQhAIQhAIQhAIQhAIQhABCAhAIQhAIQhAIQhAIQhAIQhAIQhAIQhALjmg5rqEEd9lBywTDKDrwAGMqehAW1hDyYzSGPlOPJOZJTZpjjzKBaE31I48yudQ3jzKB1Ca6hvHmUdQ3jzKB2UJn4dvHmUfDjjzKB5CZ+HGp5o+HGp5oHkJn4canmj4YanmgeQmfhhqeaEDwQhCAQhCAQhCAQhCAQhCAQhCAQhCAQhCAQhCAQhCAQhCAQhCAQhCAQhCAQhCAQhCAQhCD/9k=",Watch Monster | Netflix,0.3148288130760193
6,https://occ-0-1380-1217.1.nflxso.net/dnm/api/v6/9pS1daC2n6UGc3dUogvWIPMR_OU/AAAABcWRAegJTgmq2DTGERoWyGArN-wSyxQaIZ5iCEovtUsc6QN5sP5hbDo61gf_zyklj0cTKR20G-pIp9LjJrt-WizkCqXikHrFrlfCjLaLb31apWdIr1hCjvwl.jpg?r=c68,Watch Monster | Netflix,0.3148288130760193
7,https://www.tvguide.com/a/img/resize/d73b354eb4bcc4c2bc07ccaa41fddda7873f1400/catalog/provider/1/1/1-172444249.jpg?auto=webp&fit=crop&height=675&width=1200,Watch Monster Online | Season 1 (2009) | TV Guide,0.32262253761291504
8,"data:image/jpeg;base64,/9j/4AAQSkZJRgABAQAAAQABAAD/2wCEAAoHCBYVFRgVEhUYGRgZGBgYGhgYGBoYGhkYGBgZHBgaGRocIS4lHB8rHxwYJjgmKy8xNTU1GiQ7QDszPy40NTEBDAwMEA8QHxISGDQhJSwxMTQxMTE0NjQ0NDExMTQ0NDE0NDc0NDExNDQ0MTQ/PzQ/NDQ0NDFANDE0MTQxNDQ0NP/AABEIAKgBKwMBIgACEQEDEQH/xAAcAAABBQEBAQAAAAAAAAAAAAAAAwQFBgcBAgj/xABDEAACAQIEAgcFBQYEBQUAAAABAgADEQQFEiExUQYTIkFhcYEHMpGhsRRCUsHwFSMzYnLRgpKy4TVUk6LCFzRDY6P/xAAYAQEAAwEAAAAAAAAAAAAAAAAAAQIDBP/EACMRAQEAAgIDAAIDAQEAAAAAAAABAhEhMQMSQVFhIjKBcQT/2gAMAwEAAhEDEQA/ANmhCEAhCEAhCEAhCEAhCEAhCEAnljPUa4qoACWNlUFm8hApHtIz/qaXVqe24v4qlvqT8gJgWLxBdiTLV08zo4iu7E7E7f0i9h8JToBAQtHODwL1DpQXNwPU8P1yBhJtaFpbsj6F1a3bdG0AEgEFS/cgHLUe/kIn0j6O/Z+y3v8AV1Hax7PZZAqqOQDH4yPadJ1e1VnIQkghCdgcnZyegIQAIWi9OiTFxhDCLZDEzzHVTDERsywnbk9I1jfxnmdga37KOkOh+pduy+3k/d+Q9Zs6PcXnyhkmLKOCD338v1tPpjozmn2jDpUvdiLN/UNj8eMITUIQgEIQgEIQgEIQgEIQgEIQgEIQgEIQgeHNhKh07zLqMI1veqErf+Ue98rj1lrrmZJ7YMxs60wdkXf/ABb/ANoGS4+rqcnjG9NCSFAuSQB4k7D5zjG/zkp0Xw+vGYZOdZLjwDA/lF6Ssh6C1UanSqaVertxB0qELavDYHbxmiZL0co4ZSFXUxvqZgLk2sduXETuIfXj9V9lV7DzqaEP/wCTn1kxOXPOt8MYP18pnvtAw+rEU14B6VdPU0wy/NJoUpPtDbQcNWH/AMdZC3iCSCPgZHiv8jOfxZJYFA3eGIP+Jbr9G+ESk1isBoq16A/CXTx0nUth4qWEhW/tOuMROzkIAYvhqd4jH+CWTFcrqJTBYW9pKLl5tw+UTputKk1VhfSNhzY7ASt1M4rlmPWst9rKbC3ICbbxxc/rlnzKm8XgPCQGLoWMlshzBnJpVCWuCVLEkgju9YhmqAEyuUlx9ovjbjfWoW0IGAmTZ1GsZtPsjzm7Gix2Yah/Uu30+kxWW3oDmJpYhGvwYH52+l4K+lwZ2JobgEd4vFIQIQhAIQhAIQhAIQhAIQhAIQhAJydnDAQq93iZ88+0jH9ZiahB21sB/Suw+QE+gsY+lC34QzfBSZ8w9J6mqq3nCEHLF7P0vmOFH/2X+CsZXZbPZgl8yw/gXPwQyL1V40vCf+9qD8KIvwxOKvJ+QTdjHVv5qYceQqXPzZvjJ5j9ZyZunFyVjp5hOswzra5CM6+aWYfRpZ7xhmvBT5xhxkjKbxZPnq6Rh8Uu9tKv4i1/mLj1Er+bYHq3IXdWAZGHAqwuPkR8ZeqOXhqdTCvwRjTue5W7dFx6XW/NBIXD4Rq9B8O21bDEhb96XOn/AA3JHgGHhOqVz2KhCeqikEgixBsQeIInJZAEk8vH5SNQXk3l1Dwl8JvJn5LJjykM6RvsvZGwZS3MDuPxMqc0fDYdWputQdgrZieAG29/CZ3XQBioYMASAw7x3GaefHVlZf8Anz3jYd5MhNZbG1rk+Q4x5mbXJjvIsBppGqeL3A8FHGNMcketmPKfeZeSxCtOT062nBMa6IJIZLV01B5iR8VwzWcHxEgfVXRvF9bhqT80F/Ndj9JLSk+zDG68Jo70Yn0bf63l2hAhCEAhCEAhCEAhCEAhCEAhCEAhCECKzsH7PU08QjH5bz5iz7+IfM/SfVGMW6OvNGH/AGmfLvSVLVW27zCELLr7JVvmSH8NOq3/AGbSlCaH7GsNfF1n/Bh2Fu8l3QC3oDK5f1q87X/NEAxFCobDUalAnutVXUg9XRR6yTw4LADvP5cY0znBGpSdBs4syd1qlNg6eW6/OKZVi9Sh9uAby1rcN9fhOX46Z0f1KIX3jdvAXt6Sr9I8+w1Gy1KyBhvoB1MNtrqt7etpW+kONxuMdhRc0cNuNZOkuF4tt2iCeA2jLKeiuGUBqmuqTuL3ANuJFNdz6k3mmOEnNrPLK9GmO6V0uu10UZgyaH20m4a9Nh33BJkbiswxHW/akw7IUTS+pWZChFhrB7v9uUvNXD0FQ0giIGBGkaVYbcbLdrjjGVPMVq3puVeqmpHQB2LquxOkLtfiQeG475rL+Izs/bO83ZmqaqnV6mVWJp20m42vb73OMZK9IMtFGoShJpseySCCpG5RgQNxe0igZeKnWDp3PCSGPxbU7JTNja5Ycd+4RLK13k9h8hOJqMV2ACXJ8QdvkZr/AFwuTC5TLyTFVxXrVOzrd7/dBJv4WHGNXUg7jh3b7WmwZJ0Po0Kb1wWeqB+7YXutgNQCLzubMb24zPumGEppVARXDsgeoGN11MAboSA2+9wRxmft7TtrrV6J5Hm6ovV1L6Sey1yQvhaO8bSHEG4IuCO/ylYkvlFYkMpOwFwPXebYZ+09aw8nj9b7z/UdiUsYgJI45JHTLKarfG7m3Z1TvPMDKrNd9kOchanVMba7Af1fdm0Az5Q6P5i1KorKSCCCDytwn0l0Wz9MXSDCwcAa1/MeBhCehCEAhCEAhCEAhCEAhCEAhCEAhCEDww5z529o2UtSxDi22okeKk3B+c+izKz0p6KJjQLkK4FtRF7jxgfMJFp6pHtC5IHNeI8txJnpFlXUVXT8LEcuBtIUrJqWrdDKqqprUsdUqIthUo4hbFdrgAlyFPGzDbnLLhqy+9TIZHDPT3FmW5FWmSNrq12HmeUxLJMwbD1krIbFGBIsCGH3gQRY3HqOI3E2PKcuVMGerY3Z6lZHJGzO3Z4bWsNxyJ8ZhnjO2uOV6eKwWou/AnccOHdbw4W8J6amCLAkC1jp227wD3HxiVJ79pRY8HU8xtb8wY6wyq7BWPHbkR5+ErvSbymsPWwNCnandLqdkVjUBPeSu5Ycbkyg4DK3TFJigHqOrsztVIu90amAN73IKm55by2NlTg3V7jfY7RUZdYXdvQfSTfKieNlvT7OxWq9XT4DtPb8e4seRHfbiZThxl79oNdUCUqahesuzkCxYKbKD6mUSa48zbO9pTLjLj0fzRaRdXNtQBUngWHOUvAGSmN3otbiLEcwQeM7McJn47HFnl6+WX8riOkzUmcMnWKe2rX0hUKdoXPDccPGZxnOYNiar1nGnVbsgbKALADntE+ucroLsV4WJuNonpnHMZOnbv8AJG0fZQ9qlvxKw+Q/tGjLHOXm1RPO3x2mvj4yjPyTeNOseNpENJnHLIZpPl4yqPFzjHIQhM2r1TaxE1f2eOXt1L6aqb6SbLUXmv8AMO8GZPLJ0RzVqNVGUkEEWPj/AGhV9K4PEMwGpSp779/lHV4xyfGitSSoPvDccm7x5Xj+8DsIQgEIQgEIQgEIQgEIQgcnYxx+YLSBJ3PcOZ7hGOI6QU6bFKj0UcWurVrEXAIuCvIg+si3QnJ4Y7GRNDO0cE02p1AGVWNOprK6jYX7Mf4vUVIXidh68TJGR9I8h+0PiK9tkYW5FmYD6C/rGTdAy2HLpcuDe3NQoNvOzE+k1TMcsVcK6KP5j4kEE/nHOV0BoT+ZEPqosT58IHzFjsuZCbjhc/Wxmz4GiaeBw9M8RSpA+ZS5kn0p6FU66s1MKrG5ItZTzI5HwnnOU0hEHBQB/lAEz8nxpgg3TfWvG1iPxDl58jPQs3a3uPQgjunKmvbT6mca9xfifvf3mVXWLDVNSAk3Nt/A+MSzB7IRzNpE0sQyHvH+k+cc4jGa1Atve+3D0lNLbZt7Sk7dB+aOv+Vgf/OUqX32lU7pQbkzr8VU/lKFOrD+rDLs+wRko9S1NvEW+JkVgo/qe56zt8N1hXH5cd5wwVJ3THATwhonI6jOqm0KJsynkQYviE2MSp8BJx7lRlNw8x/fIdpLYo7en5SKcTTy9q+LjGPMIQmTUGOsA1nBjWL4T3oRX0D7OMeTTCHgQLDke+Xy0yb2eVCpXeaxrhD3CEIBCEIBCEIBCcvOwCEInWfSpPKBVOmNBrBlJH5TM/aqi1aGFxZUCq+qm5FrNoJF/iPnNBx+bhzXZ01rQos4Qmys2q29vCZB0w6W/baNKmuGFBKbMy6WLAlr3AuBI7sGpeznL1TB4RKa264NiKrd7FCNK35XI+HjNFAmGdDunrKMJgzhb2K0lq62U2dgCRbj3fCbTly2Ui5NncAk3Ng7WF4gcVKYYEHgRYxvgKelAp4qSI8nnTJCGL90247D4kCVLP0Je/cL+fG3CXKomoWMhMbk2q5G/rYymWO1sctKVVrKps7KDyJAPwO84z7XXe/C1v1bvMf4vKgjlzTVX/FYXN/5hGzi0yaSkqLMR2xZu+3A+I8J7tC/67oQlVPaJTvhkb8NRT8VKzNZqnTinqwdTwKN8GmWGa4dMsuzzDSRtcCR2FkpRW/znXMteOufKbzjx1cOrjjq4dXOXbYxxCbRGku365R5ixwHrPGGw99r9/H0EtAjXO0jakkMTtccpHPxl/JzVfHNTTzCEJRoI4wnvRvHGE96BrHQd7ETXaNXsjymQdCeImu4T3B+u+FTqMsTjgp0qNTEgBb2+ZjwmUzpIXpVFqKTsQf7yuW/W67E1+3U4a6N72I65bj0jwY9QCWFiCBpuCTfhbnefOvtMwCUccxpDStREq24aWcXNpqnRvOFrYGljaj/AMCmwqDuZ0WwJ+XxnPl5MsMZlbuX9fVtSrnUziipIarTUjiGdQR5i8Qxua6FLkolMKGNWowC78rHfafOmRIMdmSdfcrWrXcd5Xjp+FhLX0wxrZlmKZfSbRRR9Fl4alHba3DYXAk5ZeSZSb+bvHRxpqeW9JUxF/s9ahXK31IjaXtzAY/rnJOpnFFDapURGFrqzqCNu8EzEumPRj9lNQxWBqPYPpOo7h18RxVrcIr7TjRxWEwmYU10vUuj+NhwPiGv6GMc7cp63cv39mm1ftFQSLHTp16yV0aTwIa9ohiMxVxppNTdj93rFvwvsBe8o3sqzdMXgmwtazGkOrYNvqpN7v8Ab0lKyeguC/aVdN3w56mix+6ajMNXmBLY55XK43ixGo0Y5SD9opviKKvWpaAmtSyktckiVL2v5dTw+FwdGkAqIzICLdy7k24km5PnIrJOgH2zL2xgqscQxdkXiraeIJ46jz7to16U4B6OVYHrSxapUeoQxYlQw7K2bh2bS05y3vr4L1kOBw1fLsBrqUkq0Gp1VLMobstdlO9+0B9JcaebqtwtTDspZmBNdQSGJO49Zh/THLKa5fluIUWd6bI9vvBACpPjud/GS2A9l6VsGldMS3XPhxWWmUGnh7uq/PaXk1zsa+2dW2LYcbA71xwIuDw4GK0M0L7J1T+CVlZvhYTE+nWUouW5fXK6avVLSbuuFBsD4gyvYnJ2w9CniqFR1bslvuldXAqV7r2FjzltofTOFxivcC4I2ZSLMD4j8+EdGUX2e58+Mw9GvUP7xWejUI4PpUlSfHgfWXkGBF5rhAw328fnKnmOHS/Y48gDb/eXuut1lbzbFpR94Nfkikn5THyRpjVWZLe8GA/oY/lBWvwJ+BH1na+bNVa2iqB3XQgepnSJTldH9IKGvDVl502PlYXH0mNzZc7xAp4eqzHgjfEggee5ExsL3cfKbePpll2dYZpK4Z7d0icOCOMksNxHnOzxSXCyufyblliR1D9fnOkDmPjDq42xKWP67pxztvYb1zqa48h6T3RqBQT+uE8hdp4qbTo8OMyt2zztk4NMS+5MYNHOIaNjKZ3nhfGcOQhCVWEXwnvRCL4T3oGr9CO6a9hPcH675kPQju/XfNewnuD9d8Iqu5tnqIlWtV/hUhfj7z76VHOUzK+m2GxwFKufs1U7AtdqbcgDfY+cknwq1lr4PE2C1QSjHbRUUbG8r+UdB8JhAKmOcYioN1pU90HG2sjj6zkz7y3bv5r8JhHpnlC4nMXo8SMHrQjvZFuLedpSsozeqMPUwCA2xFSnwPDtAFbeO3wmpgD9vJZbL9kFgOFtOw5SHyLojozupdf3VK+ITl276B6MW/yymHmmONxynUln/TXPCvZNgVw2dJSXYUn+a0ySfjGvQLNFp42piqpA00q9U+LNawHqZLKmrpCV51mX40yJFezrLEqY18NXW4elWpnwYW3HiCDN9y425fZEa5S+c9Kjj8rqisR11OsrW4aqbObEeXu+kicM4q5XQpMTYZgUvyD01Pw3MnM96Kfs/KqvWWNWpWQauNkVjpA8SNz5yEwOHK5bh3b7+ZAjyVFU+e4MYenr/HrfBd75KdGcS2V5r1dQkKKho1B3FHPYbx4q0mVy1sRTzlKY1MKqVFA4sFZm257R77a8i/h41BvcUqludroT9PhE/YzVqaMa9MB3AQqHawZt9mbu2jcuPvO0/pBeznpycC/VVrthna5tu1Nj95fDmJY/bPWDYXCOjh1Z3ZXXYMpBK8OQsI39o/QVQrYzCJpIGuvQBvpvxdLd3h6yj4nGu+W06bEladd9HgGW5XyvvNNS32iFm6a/8Hyryf8A0iSeT+0NTh8HgaC1FqBqFJ6h020Kw1hbEne1vKRXTb/g+V+T/wClZdcl6O4Wtg8AEVKeJ6ujiFYCzOKZXXfmLH5y3xBl7b2vhaIAG2IdRbbYKZRM5zuk2BpUKbanKorixGjSdRBv33A4S9e29bYWidt8Q7C3IqZnXSDKRhqWBxFIEddSDm9yOtRhfj6bRBqHQbDJgcsWpjKv2fW7VhewfSQQoUHe5U8LX3iWTdOsJicWMKlIpTcFadZidbVBuCd+zfx/OS2a4zC4zCYV8ZQ10qyA6196k4XtW07jv+HCV/o/0Bw2HxS4oYhK2HQdYiXBcv8AcBA4229bS3I1bAMxpr1nvC6t4lSVJ9bX9Y0x1IHiI8y4N1YLizG7EctTFtPpe3pEsebCUy6Wx4qt1sChPu28ryGxaqjkDgP1xkzj8clMXZgPqfISi5nmLVGbkxuFHLu1TDHG2tcspIa9Km65BSRwE1Xci5uF4BfU8fCUXMwtPsJsb9o/e9W/ISzY7FLTUszcAbeLdwEpFSoWYsxuTubzfGajC3dK4aSmD3dfORWHkvlo7a+f5To8d/jVMpvSYKRnjV3Hl+clCkj8aO3bwH95yztrTTTG1c8fM/lHoEjq53PmZ0+K2bZZTeoY1zEDFa0SmV7aTpyEIQkRfCe9EI4wnvQNW6Ed3675r2E9wfrvmQ9Ce6a7hD2B+u+EUwxeQU6jamA9RILPcvQulGnYMx0+QtufheXUyoZngKwrirT3IPeLgg7ESuW9XXaFHfO6Az1e12Fp/Z9d9g+m3wvLjRxdbrzRcIpSzVK2+pqKbqfW4+c8pk5PHC4Yd9xSF789+/xhWwuIFZ6mhG1roZSvZK7bcb90474Llzcfmlt6ZOmeURnX2on919ovq5Dhq8pMdLMG2WZmmOprqo1H6y67Aah20vwv3jneXc5c3/JYX/piLVXrOCmKw9OpRIA6vTsLbXBM19ctzWPGtXlG4z3pr0lTMjRweXo5DPqOoEFqjk7W42FySeEee0FaWCw2AwQOp6TCq4Fr7W1HjxY3t5S3YHALQDHA4JKTsCOsPbYX5XH5xWpSrO2qrhcM72ALvTuSALDj6yZ47NSTUht7xNNMWrpqD4fH0tVNrj93WROHwAPmp5zMsgrPgsFmaMGFS6UNr3BJYFtuG1zeaFnHW00p6URBTbWi01KgNcE+FvKP8OKatXxeHZC2JSl+6YX/AHqEhtS+VvhLzC4zXZtRv/Uqk2XNSdWOLNPqLgdll4ay3l3cZWM6yd8PlmGNVSr1qzvpIsQgWy3HcTxmp1aYQ9acBhQ/4+rF5UvavjHq4LCPUtqNSqDpFh2SQBbyE0k10hB9MsxRsuy3DhgaiU2dv5VcALfxNjJXL/abRo4WnTTDscRSw3UJVLLpBIAJtxtcA+ktfRrCD7BgzTw9CozUruzoGbY2G/xkh9lf/ksL/wBESZOBnvT3NEbLMuoltVU01qtc3OllO7eJN4+zGimMyCk1I3qYQjWO9Rwe/hpsfSXaph3YgtgsKSAFBNMGyjgBvsPCKUBWRWRMLhlV/fVUsGtw1AbGToUz2W5itfCPgWI6yk3XUgT7y3uwHqSPWanlOV00AdRxAYbcx9ZEZXgX1XXD4ekQCA6U7MARY2I8CZaqKaVA5AC58I+BWQmf5gtNeN232iGe9IUpAqh7XeeUoGYZmzklmPfK02bZniWqOWJ9eUhcZi0RSb9lfePefCesTiNXD3Rx9JU88x2t9CX0qbbd7d/mIk1EdmeYY1qr3OwHuryH942jtsLoTU9tX3V5eJjPxMlJWgZMZV/ET1+khqcm8k/ip6/SXl4pfixKLlhykfjB2z4WEkkW1Q/zAH14SLqMC7+DW+Uxx55WpK0iKzfUyarDstblIKpN8P61n9Mqh3ic9VJ5lKtBCEJCwjjCe9G8cYT3oGrdCeImv4MdhfKYx0RxGm1t5r+VVCaS3PP/AFGEVIzloQhAtOaRyhCBzSOQnDSXkIQgApKO4TugchCEBpj8uSqLMIngMqSkOyIQgNOkyDqjsJk/tDwztluFdVuqVqodh90szAAiEI+H1o3QSi1PC4Wk62b7NdlPFe0Cvxv8pbAg5CchA7oHIQ0DkIQgFgJVekvSEIClMi/efynYQM9xOJLkkmReJq32HDhCEhCv5zj7WpUxueNufcPhEcvy8KNTjtG3+EeXPxhCSI/NsRqfbgu3r3xlCELFKY3k70eH75fJvpCEmdVF7iz1LGzrvoO/lteQtHcu3N2+E5CUw6v+GXZYpe/kR8pW6kITXDqq/TKoJ5hCVqwvCEJCwi+GXeEIGpdCKK3BIvNiwfuL+u+EIVr/2Q==",The Fugitive,0.16200494766235352
9,https://static.wikia.nocookie.net/obluda/images/3/3e/Detective_Suk.png/revision/latest?cb=20191106195032,Detective Suk | Naoki Urasawa's Monster Wiki | Fandom,0.5279194712638855
10,https://occ-0-1380-1217.1.nflxso.net/dnm/api/v6/9pS1daC2n6UGc3dUogvWIPMR_OU/AAAABUF8_LO2XClr4Ez-gE1MgoqqthiJ4wtV0oONOaxOs3_ppN0kai4lg0arWVY3rIb-hz_nz4F1aN-_ABbUJHp6geXnM3L0dT5I9wutvOXT3DRYs6qBiINcRAmS.jpg?r=55b,Watch Monster | Netflix,0.3148288130760193
11,"data:image/jpeg;base64,/9j/4AAQSkZJRgABAQAAAQABAAD/2wCEAAoHCBUVFRUSEhUYEhgRGBIREhIRGBESEREYGBgZGRkYGBgcIS4lHB4rHxgYJjgmKy8xNTU1GiQ7QDs0Py40NTEBDAwMEA8QHBIRGjQhGCExNDQxMTQ0NDExNDQ0MTExMTQ1MTExNDQxMTQxNDQ0MTQ0NDQ0PzE0NDExMTExPzE0Mf/AABEIAKgBLAMBIgACEQEDEQH/xAAbAAABBQEBAAAAAAAAAAAAAAADAAIEBQYBB//EAEAQAAIBAgMEBwYDBgUFAQAAAAECAAMRBBIhBTFBUSJhcYGRobETMkJSwdEGYqIVI3KywuEUY4KS8CQzc4PxU//EABgBAQEBAQEAAAAAAAAAAAAAAAABAgME/8QAHhEBAQEBAAIDAQEAAAAAAAAAAAECERIxAyFBUTL/2gAMAwEAAhEDEQA/AIBM5GkxGbQjEJy8UDpjGj4xoDGjCY9oMwOGNpHQeHhHWjUG8dfrrAKDHqYMR6wDKYQQSwl4Cc29LDUk8AJqthbHyBalUdMi6qdRTv6t1yB+GNnh29u4uqErTB3FuLTWTz/Jv8jUgOJxKouZuwAb2PIStG1XBzOq5b6gHVR28ZD2rUZnBVgGe/sw2uVNLnx8ZX4ysyBQ5DX0va3cyjgd1+ExMxUzb2zBVKVaJF3YJUtuFzYNbmN3eJc4GmlJQi9FFsg5sx3k8zeUuxsXkL2JIZQVB4201/Mp6J56RmMxbFih0VLrqbC3xMTwBPj4y3t+kXlXaqA2ALge8y+6Ozn3Q2KwtPEUyj2dHGhG/qIPAzM0Xa9hre3Sc5QbfKnDylts2uUYIfcqHo/lb7H17Zm556VkcfgWouab62Nlb5hACbzbOAWoBm+KyFhvUn3G7m8mMwlVCjtTbRkYow6x/wAvO/x67OfrNhRTgjgJ1R1Y8RgEeBARjGj4xoAKkjMJIcwDShkcJwTogOEMkCsIpsL8pA4aknlp94684gsPOKAcmcBjSZ28B07GXjhA7GtHgThEATRhEKRG5YA7RoHS7R6GGyzjLqD3eMDgEes6BOhYD1hsPQLsEXjqey4HmSB3wImm/DuFsqORrVJqa8EQWTxJBmN65FXuHpLTQKN1NbeEjbRxmVFG5qpCj8oPvN3C57obHP0Qo+Mgd0p6ymvXVRuuaa8sqgZz4XHdPNJ1oSnsz2t6jMyqQDayWpoo6I1F93mTI2xNlZ2fpMoUsqFrNcWBNx2nL/pmi2wclAqm9ytMDmWP/wBnNhUgqnw7dSfS0014oFL8LBGutSwzZgpXdcEEDXdu8I9/wzclvaW4jo3seJ36nt3TRRCTq+MY07Fq086PVDoVuRks2p0fNvup1kCklRR+9UqGH/cBJCkcerX0m5xqAgE/wnsbQyu2dRz0cp1ZGqJ22Y3HrKz4m4ar7Slm42INuDDf5i/fM5+IcEGvXXeFRnHMe6T3EDxl1h0FJmCjKH6RHAMujdl1/ljlQZ8jC4JqIRzV1vb9MkvjepYwYEeBJGOwhp1Hpn4Tp1qdVPh6GCAnql7GHAI606BH5ZQMrBOJItGuIEFxAMJLqLI7CAO06J20QEo6BOngOevhGiOp6knuEgMYyOMbALFO2igIR6xoEeIHRO2nQI4CAIrOZYfLEFgBCTjJp2WMkhJ32cAGX/ms7lh1p6RxpwA4bDl3SmPjYJfkOJ8LzbOoUuFFgiU6ajlmJ+gWU34YwuaqzndTTTtbQeQPjLuuNX63pjwRfvPP8l7rixF2nWym/wD+a/SLZwSjUBqGxp0VuACxzOzFjYdnnBVhnqBPmqKD2DpHyEvsBQCvWYDVnUX1voi/UzM+o3lBx+MSqKLU2DqHdzbhkRm1HDW0n7MTKgHd4AD6Sh/E+AZGFfDgI4SsXHwVBksQRwOu+XOw9oJWTMvRYE56be+hudD94a/VlFFFCh4hbo3YZE2QtlqddWqfEgzu0dpJTGX33OgprvN91+UgbKwD1Aald2XpuRTRsqrY21KnXdCJG28P0faKPcsx7Bv8ryuqVAGpvzNMH/dlvL80GsULZlYEdL3luOfGZKs1lBPwqw70YH1BjjOj/wAWYT3KoG792/YblT43HfM4qzfbQw3tKTp8ykjtGo87TFrT851+K/XGKAFjwsOKUeKU6oilYJ1kw04J6ZgVtRZGIljVpyKyRBGIitCmnGlIA2NgTCU1sAPtGMu4d5jwsBxEbadKjlG5RAkxWjooHBCKI0CEUQHKI5ROIIVVgcCQiJHKsl0ad4AEoQ6YUy2wez2cXVbjnLKnsd/l9IGaTCx3+F6pql2O3IeMVTZJVSxtZQWPcJOip2YmTD1X3F2YDsAy+oMkYjTON1nXu6C/acr0sq5P/DTPK5OZvNoTHaM4+fI47rqfpPPfu9aVeyTmxHY7nwRR/VNYlOxY/OQbcrAD6TLbGS1c/mLt+pV/plnjcHVJZqmJ9mAD7NaYCs9gSLk8ewRzrWbyJeNqIzBCwHRqKQ2l8y2G/frITbN9ytTJpuFUllFyNBcFfiHVKX8P4nGPUqJXZKiWLLTfITYkZRmsDe1/CbDDoAosCosLKdcvVFzY1L1HwqOzCo7gjKQET3DcjpHmbDuvI2JTEKGpobKSMlQWZ0X5bHj1y2AnTIqk2fhaVE5ncFzxc5n1lzSta67jdu2+v1lTtfFPTBFFEDkAKTYuxOgsvIcSZXbKp4iohGJxD06mYBAqZabAqDa1rHW81Jaz3jVTGbSTVv4qw/UZrcEjhFFRgzC9yNxmT2iSajKOLsPFyPSSJr01WES6rf4kU+QmUbBWZl+VmHmbeVprM+RLjegHgN8FSwId3IPFW8Rb+mXHtms0MJF/hJq/2T1+UR2SeYnfrLJNhYB8JNg2yT1QT7IbkIGJq4SRXwvVNs+xn5ekA2xX+X0joxjYWCbDTYvsV/kMjVdkP8h8I6Mh7Deec57OaKts1h8J8DKyvh7cJYKxxByRUSAgSorQaPpblHBoBBHiBDQiGUGWFQQKSRTkEimkscKkg0hLTBiBpdiJ0bdd5fKg5Sj2QeHOXqbpijgQSNtADKF+dlU9m8+QMmSvx7dNR8oLd50HkDJr0M/jBdh11h5FR9IHay6q/BLKexzb1CyVVHuHnUY/qP2kbbdsjg7iaak9V5xaR8Ilnpv8y1V70qZreDeU0plJsrDs6C4s9CscynfldAG8mvLtRLW8+gatK40sp4GwJESLkQ3YvlBJZtSeMMZyRpHwrsc2feMug4EqGI8/KSYNEsWPzEH9IH0hBABRw2RiQ5IPwt0rdh390PFHCB0TGYrpVWI+Fyx6umw+vlNkzWBJ4Ak90xNAllqvfcyX6+lu8SZqMaa5lurDmpHiI7YT3IPzJ5qwP9USCN2T0WTqeonjf7CM+2V7aK07FOrLlpzKI6KFNyDlFkHKOihAzTHKNNIcoaKBCr4dcpMwX4jN3t8ot4ze4+plU9QvPPNpvcknibywZ3ELIZEm4mQjNDt7G/cfpHgx1SnBIfLSA8NCIYLuj1PVAlIZJpyGjSUjGBMpSzwbbpUox6pYYapqP7wNTs17Ed00SGZHAVN01OFe4B6pmiTKjHVQGYniyoPD+5lsDM5jXu/+tm/WFExfSgVN1I/n9bmQttnoNxu9PTqG/wBJLrP0KLfmQ+RkD8Qn92GU2u4IYcNGIM5/qr7Y9VXUnTOAqufmAHQa3WDDsLGUuyQtMUmHxs6Obe9mY6k9tvOXtca9supxrN6DFEZD2jtKnQXNUbLfcN7N2CZbPpYYorKrtr7hbpmn3nf3wtCjkFrs3G7EsfOUtL8WYYi5Zl6ipPpJuzdtUa5IptqPhbQkcxHF8b/FlHRscIRG2pUy0nI35TbttM57M5GVfdVaand0mza+ZPhLjbVQ5ci7zZRfdduJ7BKfGU2QqmY5c6MNACxBFwbctJuT9c9VpqW4dgjcPoX/ACuH9DOUW0TrH0naXvuOYU+VvpMxF8DFBYV7op6gD2jT6Q07I5OzkUIUUUUBThnYyq1gYFHt/E2W3P0EwuPffNBt3E5mPIaDumTxdSaggV2kSGqmCtLwTqouL85DYWN+eknNvtwbUdvGRayQGrHAQaGFEAiGSqbSGsPTMCajSXh31lepkik+sDQ4Krumr2XVuvZMNhas02xsTrbmJKNITpMcatyzHiaf6jf1mpxNW1N25Ix8jMZVayN/HTHgx+4nPSxIrG9CkeumPE2+sh7VN8Mn/rPkPvJBb/pl6snk4gK4DYdR+W36f7TmqFXxLKBRuMuVmB3PZbafy68hNZs3He1pgnR06Ljr/vv75gMQC2ZrtqMwseiAgIPqPGWuDxjI/tF3ahwOIDML91prS5+mxlTi9j0mZqjjMTqSwz26gOAk/C4tXAKkai+n0h5jrrLxkXTDg39gzWPvCmPTfJ1LY9OplqKMh3q6g06inrEvTSU6lR4R8vkeVcpKQACcxAALaC/XHs1teU5Kja20QtkSxZtFHzEanuEjNV+0MUWqZwTaic5A4k8O5fWCxFc1Hz/CQjKunRBY8ud7yJRfotf4ihcm597RvQwlNuFrdGnYC+gz2G/qnSenO/dafDtonY0fmtVH5k9CfvIuHqe4OefyncTUtVp/mDjwKn7zAv8AZzXVh8rN5gH6mTJVbMq9N1B3hT3gkH1WWl50npCinLzs0hRRRQFK/alfKhPIeZk5jMx+IcVuTvMDNbSrXvM/iXlhjql5UVmmoAsYOOMUonFSLod6HTr/AOCcdLi/OTMelrVBw6LdnCAQakc9R9YSVCanY9useqw1Wnp2aiNtxhTQsIsaBHCAZGhUMjrCq0CdRqWlrg8WVII4SgV5Ip1oGpr7WZkKm3SKqe9hK/Ev+776Z/Qh+srDiPdHNtO4Fv6ZNxzdGoPl+iU/tOO/axOojNh3Ub7PbtDH7SPTf92AeBPkzD7QuzKotk+b2vk1/wCuRUbokcUd1PfZx6mYVUi4Sx+Sr5uAJJw72DHlm/neMqJo3U3s7dTOrfWDVug3WF83aUTsG70kRk1QqpK8V03qfpNFgNqo4Bv3/QjgZTbMF6NO+t0WR6+GKNnQ5SfiGoPUw4yNxsweUZUqBRdjb1MyuH2u6izKR1oQwPcdRBV8Y7/kHbdz38JOL1abS2xvSnqeXLrY/SVWQ5kdtSc+p7OHIQmFw19dw9YbG6Gn2uP0/wBpfTNQcNUyvb5mK/qf+0LUb952in/OT9JDqmzqfzkeafcyQ7fvlHUnlnlZXlE9Kl2VPVZzaD9Kg3WfMCBpVOmg5JUPmPtAYtv3VI/KWPg39pn9FuMSab5hxNu5lv6pJX7YPVKbH1Ojm/LTPg9v6pWNiuudcekrWftk8h4xftrq85jzjJz/ABk6cRsv231ec5+3hy85i2xu+MGL0jg2VT8QLbcfGZjaeOzsW5yufF3kWrXvHA3EVLyC8M7wJlA7RRxnIGidQQQdx0MqcpBK8UOnXLgSFj6drVB8OjdYkjMoR1Fxx1gAtiR3iFTjqddRy64x148vTjLGjbTojrToEo4I4RTsBwMcDGXnbyCRhjd1HJajDty2H80tHOb2n5iR4osqsD/3F/hI8Xp/S8ssGSVY9VJj4Mp81E4b9rAsJicvs3/zLHsemh9Vkiq1qrqNzhXHaND5ESsfRGA3o6sP9LMB5OkM1QZww45DfmHGX1VZlXah6ZXmyv3BD9VEbSS6kHSyUmPcS30j8Sq51ZjYMj0+82PpeEp4R3ZhlKIwQFmFiygHRR133wcWGz0y00XkijyhVYOvUbi3YbHzEfaR6OjuvWHHY2/zB8ZHQJ8IfhPjHUcL83gJMil6cJRI20B0Vb5GU9x6J9ZId8ouezTeSeAidAwKncRYwVQYs9Et8tQ/b1Ah2P8A1C9SE+ZH1h6+yajI1Onape7DMQjAk337oFKFRKze0XIVSmBqrXvmJNx2CVixKWuBUAPyZB2sXP8ATHVWzUKf5hWI/VK+o/TLfKf5UY/1SWhtTw62J/ds9lBJ6WXl2mREjFvehf8Ay3PgyNM89WWT1z7JkKPmCIuUo4IDEZju4BJWtgazAMKTkHUdGdMS/bNsBatGe2nKmDrDfSf/AGNIxYg2NweRBB851Eh6+4c4jU6/SR0NyT3CPgPZ+vzEGTOERZYHLTuWOy9U5YQGERto5lEbYQNIs46g3B3EWnYpGFRlKkpxTVesR176w+0ae6oN6aN1iRkPDgdR9ZY1DU4jlu7IQRj6a8tD2R8qlDYbDPUbJTXMd54Ko5seUCqFiFQZmboqOZO6bHZqrTpotMe8qu7HezEakyydZ1riNhfwygF6rlzxVOgo+pkwbAw3yeLP9513J4zl5rjl5UDEbDwwBZEsy9JbO+ttbb+O7vglwdFXzpnKVABUQM/RsScw1vvJuJLgWQqSV1B1ZOPav2mdYlWbsM2rsmkiCpTBOY9LpMcwIBFuWqJKrF4YI/sx7uqId5yuM6G/Vuls7Eo60zmDA9A6ZWGoIvuN7aSDiCtSgj3CvTHsqq3GZMpsjHsNvEzz6zZXfOpqfXt3AVunRqH4XUN1E3RvWa+pSDCzC8wWHqXvwLgsB8rrow8QD4za0mNREqI5XMoNtGU6cROdbyi4nBFdV6Q8xKyvo6N/FTbsbd5geMv/AGjr7yZh8yG/ip18LyNi8OlZWCHK9rjeCCNRcHrENoM7DVcI662v2QBB4C54DrhA6b5i3JTlB5kb/PTukzDYcueQ4mCwOGCgK12I3qurEnUk8rk31lovtLAKqIBuuc58Bp5wD0qQUWA/vMxjKmapUbm2UdiDL6gzQYmsadN3c5igJ3ZbngPGY7GVSiEg9I6A9e8n1MJpHZ75uv2h/wBzhR5KZrtmKFLsTlWmlOlc6AZVzN/MJj8MbOL2yoUV73uco1A6yc/hL9RlQGq/E1CpsEDMc3fa9teU6ZxdOV1Mn4uqXLNqPasqIDvCDj4Zj3yYtducg0jnbP8ACoIS+mYne3hpJM9Oc8nHDWu3qQMU3bB4qnTrKUqqNdx4qeYPCDivLxPKsbtbZjYd8pOZG1pvz36Hr0kENNslFawqJUF1c5BzXJoCORzZpjsfg2ou1N967j8ync3fMWcds66FmivGXiDSNC3jSYwtETARMbOkxsDTAxRRSMOFb6HjoZTlCpKfKbr1iKKIsEdfAwKFtQbaaRRTTS8/C+Hu71W1FJbL/G39vWW2E90r8jOvde48iIoprLjv2PFFFNuZRRRTIG9AE5h0W+YfXnK5qYR3FRMy1RmuASoYCzabxcW8DFFFWKfEgU3sGurEMj8mGik9o6B7jzl/sXaTqDTXKRq6q1wVuemtxyb1iinnsnk9E1fHq5Tah+Kme1GVh4GxnXxtF7ZyVPAsrqV7Giil18eYZ+TVTKSsNC2YcCfeHbzjqlRVF2IUcSdJ2KcP13vpW/tFVFqSEj5j0F89TAviqrb3CdSAX8TFFPTnEeX5Pk0q8ebsqklivTYsSepR43PdKnGVbkNbMFvlUal7WvbtbKo74opz1/pvPpKwGzn6DN0LXdswDOXbjbcABfxlumFUHMek3zMbkdnARRT05kefVHiiimkKMqvlVm+UE+AnYpkDwiFURTvAF+06nzkT8V4PPSWuo6VL3v4Dv8Dr4xRSX03n2xhnIoph3dBiiigcM5FFA//Z",Monster - Ani.ME,0.40873271226882935
12,https://cdn.myanimelist.net/images/voiceactors/2/52736.jpg,Frankfurt Police Inspector (Monster) - MyAnimeList.net,0.6964688301086426
13,https://m.media-amazon.com/images/I/51k52IEzTkL._RI_SX720_FMjpg_.jpg,"Amazon.com: Naoki Urasawa's Monster : Ryôsuke Nakamura, Naoki Urasawa, Donald Roman Lopez, René Veilleux, Masayuki Kojima, Ryôsuke Nakamura, Masao Maruyama, Joshua Lopez: Prime Video",0.396027147769928
14,https://static.wikia.nocookie.net/obluda/images/b/b8/Messener.png/revision/latest/thumbnail/width/360/height/360?cb=20121110004903,Detective Messener | Naoki Urasawa's Monster Wiki | Fandom,0.5720596313476562
15,https://occ-0-1380-1217.1.nflxso.net/dnm/api/v6/9pS1daC2n6UGc3dUogvWIPMR_OU/AAAABeHtBA36bfG6VTigh-NPVYXTRhXsS7-4JIS4S5GuB7mUkm1hUHCB54v3p7gA3PGGFPZ3hAvw3XJ8U9ihpfVmal3qs61OQ4cb5ck9kSx3NETM2Soh8V714IJz.jpg?r=b23,Watch Monster | Netflix,0.3148288130760193
16,https://static.tvtropes.org/pmwiki/pub/images/becker_7.png,Monster / Characters - TV Tropes,0.4087461233139038
17,https://upload.wikimedia.org/wikipedia/en/2/2d/Monster_%28manga_-_promo_image%29.jpg,List of Monster episodes - Wikipedia,0.3951151371002197
18,https://static.wikia.nocookie.net/obluda/images/2/29/Frankfurtstation_-_monster.jpg/revision/latest/scale-to-width-down/250?cb=20131102080630,Culture | Naoki Urasawa's Monster Wiki | Fandom,0.4972671866416931
19,https://m.media-amazon.com/images/I/41un+Nb6s-L._RI_.jpg,"Amazon.com: Naoki Urasawa's Monster : Ryôsuke Nakamura, Naoki Urasawa, Donald Roman Lopez, René Veilleux, Masayuki Kojima, Ryôsuke Nakamura, Masao Maruyama, Joshua Lopez: Prime Video",0.396027147769928
20,https://static.tvtropes.org/pmwiki/pub/images/drkenzotenma044.jpg,Monster / Characters - TV Tropes,0.4087461233139038
21,https://occ-0-1380-1217.1.nflxso.net/dnm/api/v6/9pS1daC2n6UGc3dUogvWIPMR_OU/AAAABRJcBphSPhHUeww58xvzSB21ha_YG9bUVUP4JJXnjq2kJj9VT9GSOTHt2DWU6Rub6om8z2TFYJ7pX0WEsFdeHdoAj0a9FCKrd-OXGjXmR7MiJ56EGNe5c6B3.jpg?r=aba,Watch Monster | Netflix,0.3148288130760193
22,https://static.wikia.nocookie.net/obluda/images/3/3a/TenmaWolf.jpg/revision/latest/scale-to-width-down/640?cb=20130513045623,Helmut Wolf | Naoki Urasawa's Monster Wiki | Fandom,0.5506930351257324
23,https://m.media-amazon.com/images/I/41iwuofRdvL._RI_.jpg,"Amazon.com: Naoki Urasawa's Monster : Ryôsuke Nakamura, Naoki Urasawa, Donald Roman Lopez, René Veilleux, Masayuki Kojima, Ryôsuke Nakamura, Masao Maruyama, Joshua Lopez: Prime Video",0.396027147769928
24,https://static.tvtropes.org/pmwiki/pub/images/boyer.jpg,Monster / Characters - TV Tropes,0.4087461233139038
25,"https://m.media-amazon.com/images/M/MV5BMTVhNmEwOTctNmQxZC00NDM3LWI3ZmItZDZlNTJjNDY1ZTM4XkEyXkFqcGdeQXVyMjM0NTM5MTA@._V1_UX224_CR0,0,224,126_AL_.jpg",Monster - Episodes - IMDb,0.38320091366767883
26,https://encrypted-tbn0.gstatic.com/images?q=tbn:ANd9GcQNeteip9RgXhzfqRJWtSFRk0WNm23AYxO9DP1Wek1qog&usqp=CAU&ec=48600112,Monster: All Episodes - Trakt,0.2974746823310852
27,https://static.wikia.nocookie.net/obluda/images/4/4c/Dieter.jpg/revision/latest?cb=20121110010350,Dieter | Naoki Urasawa's Monster Wiki | Fandom,0.5148850083351135
28,https://qph.cf2.quoracdn.net/main-qimg-fa9a4143749df5e4e34a11cb7023cf78-lq,"Who do you think is the real monster, Johan or his mother? Do you think Johan is still alive? - Quora",0.17882177233695984
29,https://static.tvtropes.org/pmwiki/pub/images/richard_braun.jpg,Monster / Characters - TV Tropes,0.4087461233139038
30,https://encrypted-tbn0.gstatic.com/images?q=tbn:ANd9GcSjw6RWnq0sHgcA1O0zS8HwwEwo2VoK2d021lCrweVsyg&usqp=CAU&ec=48600112,Monster (TV) - Anime News Network,0.5882965922355652
31,https://encrypted-tbn0.gstatic.com/images?q=tbn:ANd9GcQnPPL9Si1lD7dx9gwWCPFNm0br9ZXBnLoZPaMH-afjIA&usqp=CAU&ec=48600112,Monster Firearms Database,0.2525412142276764
32,https://qph.cf2.quoracdn.net/main-qimg-a2061a622400314f7efbc0a02a842073-lq,Is Monster (anime) worth watching? - Quora,0.5888631343841553
33,https://encrypted-tbn0.gstatic.com/images?q=tbn:ANd9GcQwK-y-VPbFW-hrheS0aURRLhHT2dvdgzMRVqa7eTH0xg&usqp=CAU&ec=48600112,"BookDragon | Monster (vols. 2-5) by Naoki Urasawa, English adaptation by Agnes Yoshida, translated by Satch Watanabe (vol. 2), Masaru Noma (vol. 3), Hiroki Shirota (vol. 4), and Hirotaka Kakiya (vol. 5)",0.39750179648399353
34,https://m.media-amazon.com/images/I/41aVkpK2p+L._RI_.jpg,"Amazon.com: Naoki Urasawa's Monster : Ryôsuke Nakamura, Naoki Urasawa, Donald Roman Lopez, René Veilleux, Masayuki Kojima, Ryôsuke Nakamura, Masao Maruyama, Joshua Lopez: Prime Video",0.396027147769928
35,"https://m.media-amazon.com/images/M/MV5BNTdmZDUwMjYtNjFjMC00OTYzLWIxMjYtY2FlNmExMTJhMDllXkEyXkFqcGdeQXVyMjM0NTM5MTA@._V1_UX224_CR0,0,224,126_AL_.jpg",Monster - Episodes - IMDb,0.38320091366767883
36,https://encrypted-tbn0.gstatic.com/images?q=tbn:ANd9GcQwnd1OuhNCAfJ-MS1eah74xY05yjfJcIrG9k5JaMdR1A&usqp=CAU&ec=48600112,Monster (TV Series 2004-2005) — The Movie Database (TMDB),0.3928520381450653
37,https://static.wikia.nocookie.net/obluda/images/e/e6/Johan_und_schuwald.png/revision/latest?cb=20130509124016,Johan Liebert | Naoki Urasawa's Monster Wiki | Fandom,0.4686104655265808
38,https://encrypted-tbn0.gstatic.com/images?q=tbn:ANd9GcTlegr0JRUzjdLkNLJF92TO4F_bcAcdUJjgCbuqL6Y4fA&usqp=CAU&ec=48600112,Watch Monster | Netflix,0.3148288130760193
39,https://external-preview.redd.it/moBrM0QBg_R29WIu_bAjsw5yqDZdGCdusBZ3_Aiebtk.jpg?auto=webp&s=7b2708bffb9cbf809116d1fe247e2c023da765fb,"Shooting at Oslo gay bar leaves at least 12 shot, two people dead : r/worldnews",0.0068681975826621056
40,https://qph.cf2.quoracdn.net/main-qimg-2412440ffeaca171c556907c53b14b11-lq,Is Monster (anime) worth watching? - Quora,0.5888631343841553
41,https://encrypted-tbn0.gstatic.com/images?q=tbn:ANd9GcTlS_TH2ATMadx5anK0OKCOtl-tA8cvXzGOCM7QgFuuNg&usqp=CAU&ec=48600112,Naoki Urasawa's Monster's Timeline - © Alexis Orsini/www.labasesecrete.fr,0.38037073612213135
42,https://encrypted-tbn0.gstatic.com/images?q=tbn:ANd9GcRdsBnNZZfKn_SSpdmQ0upkT8puMv_jnoEK5PzGTSjQ6w&usqp=CAU&ec=48600112,Monster Season 1 - Trakt,0.17367026209831238
43,https://m.media-amazon.com/images/I/41o8oq09OqL._RI_.jpg,"Amazon.com: Naoki Urasawa's Monster : Ryôsuke Nakamura, Naoki Urasawa, Donald Roman Lopez, René Veilleux, Masayuki Kojima, Ryôsuke Nakamura, Masao Maruyama, Joshua Lopez: Prime Video",0.396027147769928
44,https://static.tvtropes.org/pmwiki/pub/images/lotte_1.png,Monster / Characters - TV Tropes,0.4087461233139038
45,"https://m.media-amazon.com/images/M/MV5BYTI4OWExNjQtOWM4MC00YWI4LWJjNWEtYTAwYmViNTk4M2U2XkEyXkFqcGdeQXVyNjAwNDUxODI@._V1_UX224_CR0,0,224,126_AL_.jpg",Monster - Season 1 - IMDb,0.35365381836891174
46,https://qph.cf2.quoracdn.net/main-qimg-0d654119ebdc2b0948d6659e67782f89-lq,What's so good about 'Monster'? - Quora,0.33939117193222046
47,https://m.media-amazon.com/images/I/41u-l31ytZL._RI_.jpg,"Amazon.com: Naoki Urasawa's Monster : Ryôsuke Nakamura, Naoki Urasawa, Donald Roman Lopez, René Veilleux, Masayuki Kojima, Ryôsuke Nakamura, Masao Maruyama, Joshua Lopez: Prime Video",0.396027147769928
48,https://occ-0-1380-1217.1.nflxso.net/dnm/api/v6/9pS1daC2n6UGc3dUogvWIPMR_OU/AAAABWrC-Ss-7v1tDe7cPZMzYPhVOEpYXGv63pQabIOdW8Lm6hYiD-tm0YHn5mg4xAaqRK8sSrbEXuC1uK_lmaIgjEXdw8aUDiGY6BE5VFFX74Ljw1rSh8TyJ3SZ.jpg?r=290,Watch Monster | Netflix,0.3148288130760193
49,https://encrypted-tbn0.gstatic.com/images?q=tbn:ANd9GcSsrQ--ZTUog1dgp2clxa8uQMHcRNwPa8yWNWHc8zjPSA&usqp=CAU&ec=48600112,Police Officer | Anime-Planet,0.5887272357940674
50,https://encrypted-tbn0.gstatic.com/images?q=tbn:ANd9GcRgZuP6jM-530USwFnequipxEUxQz2Dx9zXuAvSxbK39w&usqp=CAU&ec=48600112,Characters appearing in Monster Manga | Anime-Planet,0.5528924465179443
51,https://encrypted-tbn0.gstatic.com/images?q=tbn:ANd9GcRh16fSM2SQkPggKdSPWfFjePsp_caTB85K_jcZGQWzVg&usqp=CAU&ec=48600112,Romania detains ex-kickboxer Andrew Tate in human trafficking case | The Japan Times,0.18441295623779297
52,https://static.wikia.nocookie.net/obluda/images/f/f7/Henning_Heinich.jpg/revision/latest/scale-to-width-down/416?cb=20151011235940,Other Minor Characters | Naoki Urasawa's Monster Wiki | Fandom,0.48223093152046204
53,https://i.imgur.com/vFzfcDT.png,Rewatch] Monster - Episode 63 discussion : r/anime,0.44748666882514954
54,https://encrypted-tbn0.gstatic.com/images?q=tbn:ANd9GcRzEvyklDyTCYmhX-rWFELKdPImWjFljBTfxIMaoYgk8A&usqp=CAU&ec=48600112,Watch Monster | Netflix,0.3148288130760193
55,"https://m.media-amazon.com/images/M/MV5BOWEwNTYxYzktMmM5Yy00ZTQ0LWI1ZDgtMjZmNDY0NmU1ZmE0XkEyXkFqcGdeQXVyNjAwNDUxODI@._V1_UX224_CR0,0,224,126_AL_.jpg",Monster - Episodes - IMDb,0.38320091366767883
56,https://m.media-amazon.com/images/I/41UyTgwZC+L._RI_.jpg,"Amazon.com: Naoki Urasawa's Monster : Ryôsuke Nakamura, Naoki Urasawa, Donald Roman Lopez, René Veilleux, Masayuki Kojima, Ryôsuke Nakamura, Masao Maruyama, Joshua Lopez: Prime Video",0.396027147769928
57,https://encrypted-tbn0.gstatic.com/images?q=tbn:ANd9GcQnleg9gqVgYRNxal6ciwYGJ77MXxb6u506sUutWBXZ7Q&usqp=CAU&ec=48600112,Monster' (2004) - Series on Netflix - Martin Cid Magazine,0.388772189617157
58,https://static.wikia.nocookie.net/obluda/images/4/4f/Vlcsnap-2013-08-18-18h25m30s106.png/revision/latest/scale-to-width-down/448?cb=20130818102631,Dieter | Naoki Urasawa's Monster Wiki | Fandom,0.5148850083351135
59,https://cdn.myanimelist.net/images/manga/3/258224.jpg,Monster | Manga - Characters & Staff - MyAnimeList.net,0.43441009521484375
60,https://encrypted-tbn0.gstatic.com/images?q=tbn:ANd9GcSJY6FSbCF0XpF8aRqLO8yuJTAFm6jrMoUEFwlkupgUzg&usqp=CAU&ec=48600112,Monster Timeline | Preceden,0.2386896163225174
61,https://encrypted-tbn0.gstatic.com/images?q=tbn:ANd9GcQdbCcRh0-a4LZ6rvI1p538Cy1VFvtVGZwjGzC5cB67Tg&usqp=CAU&ec=48600112,Police Officer | Anime-Planet,0.5887272357940674
62,https://static.wikia.nocookie.net/obluda/images/7/79/Lunge.png/revision/latest?cb=20121111040942,Heinrich Lunge | Naoki Urasawa's Monster Wiki | Fandom,0.525598406791687
63,https://media.notify.moe/images/characters/medium/SO9HQriiRI@2.webp?1524326780,Monster,0.4229351580142975
64,https://upload.wikimedia.org/wikipedia/en/thumb/3/39/Inferno_Cop_key_visual.jpg/220px-Inferno_Cop_key_visual.jpg,Inferno Cop - Wikipedia,0.23591622710227966
65,https://m.media-amazon.com/images/I/41SfKuCKCjL._RI_SX720_FMjpg_.jpg,"Amazon.com: Naoki Urasawa's Monster : Ryôsuke Nakamura, Naoki Urasawa, Donald Roman Lopez, René Veilleux, Masayuki Kojima, Ryôsuke Nakamura, Masao Maruyama, Joshua Lopez: Prime Video",0.396027147769928
66,https://encrypted-tbn0.gstatic.com/images?q=tbn:ANd9GcSWa85YeJaV9HDw4SiNNZ_aoZBB1_44OiaBP-ie2xbc7w&usqp=CAU&ec=48600112,Why I don't watch Anime: Monster by KaizenKitty on DeviantArt,0.4205998480319977
67,https://media.notify.moe/images/characters/medium/IdrNQ9miRR@2.webp?1524328617,Monster,0.4229351580142975
68,https://encrypted-tbn0.gstatic.com/images?q=tbn:ANd9GcT91f79p1CR134MpH9mlQ5yp6OrrNwjRxuwO_xAcgsNzQ&usqp=CAU&ec=48600112,"Roy Mustang Amestris Buddy cop film Police officer Anime, cop, manga, cartoon, fictional Character png | PNGWing",0.4435918927192688
69,https://encrypted-tbn0.gstatic.com/images?q=tbn:ANd9GcR3xVP-ng9R1zWLVOHO_k-v9eqU9L_T4h04jF2ZAPY9mA&usqp=CAU&ec=48600112,If you prepare for a higher exam then you can easily crack the lower level exams - PrepShine,-0.0019069109112024307
70,https://encrypted-tbn0.gstatic.com/images?q=tbn:ANd9GcQ_-m8L8RJI9kRlyTxVn9ncD_UfH-atc-MBMe4IKN15zQ&usqp=CAU&ec=48600112,Watch Monster | Netflix,0.3148288130760193
71,https://encrypted-tbn0.gstatic.com/images?q=tbn:ANd9GcScI5gYbsdH3QelYUoDszGcUioJGooi0K9kc5XEQ_YO-A&usqp=CAU&ec=48600112,Pin on Аниме,0.03597721830010414
72,https://encrypted-tbn0.gstatic.com/images?q=tbn:ANd9GcRw3jf2KghemViCn0uGLZu5CrHUxqoNQwr4SL5EG2oNtw&usqp=CAU&ec=48600112,Ranking every Quentin Tarantino movie character - al.com,0.2196040153503418
73,https://static.wikia.nocookie.net/obluda/images/8/8b/Johan_infobox.png/revision/latest/thumbnail/width/360/height/360?cb=20130509114833,Johan Liebert | Naoki Urasawa's Monster Wiki | Fandom,0.4686104655265808
74,https://static.tvtropes.org/pmwiki/pub/images/inspectorlunge_471.jpg,Monster / Characters - TV Tropes,0.4087461233139038
